epoch,train_loss,train_acc,val_loss,val_acc,lr,seconds
1,1.8595,31.7,1.649,39.78,0.001,11.8
2,1.4822,46.32,1.4116,48.57,0.001,11.5
3,1.3219,52.53,1.4873,47.12,0.001,11.2
4,1.2178,56.6,1.2428,55.26,0.001,10.8
5,1.109,61.0,1.2113,56.36,0.001,10.8
6,1.0344,63.26,1.1576,58.71,0.001,10.9
7,0.9508,66.61,1.0941,61.22,0.001,11.3
8,0.8893,68.77,1.1236,60.62,0.001,11.4
9,0.8076,71.65,1.0984,62.43,0.001,11.6
10,0.7565,73.84,1.0986,63.67,0.001,11.5
11,0.6839,76.52,1.143,61.48,0.001,11.4
12,0.6228,78.1,1.115,63.58,0.001,11.5
13,0.5729,80.05,1.1475,62.11,0.001,11.7
14,0.5077,82.43,1.1498,63.94,0.001,11.8
15,0.4375,85.15,1.3065,61.84,0.001,11.7
16,0.407,86.04,1.2522,64.03,0.001,11.8
17,0.3181,89.26,1.4197,63.54,0.001,12.0
18,0.272,91.1,1.3835,63.79,0.001,11.8
19,0.2248,92.69,1.5398,62.45,0.001,11.8
20,0.1958,93.82,1.6664,62.43,0.001,11.6
21,0.161,95.0,1.7284,62.37,0.001,11.7
22,0.1305,96.07,1.7214,63.79,0.001,11.9
23,0.1012,97.18,1.8943,63.55,0.001,11.8
24,0.0815,97.83,2.094,63.43,0.001,11.7
25,0.0723,98.15,2.0896,63.37,0.001,11.4
26,0.0351,99.34,2.2087,64.07,0.001,11.5
27,0.0193,99.82,2.3253,63.98,0.001,11.5
28,0.0137,99.86,2.4047,64.02,0.001,11.7
29,0.0075,99.99,2.5153,64.28,0.001,11.9
30,0.0049,100.0,2.5823,64.27,0.001,11.7
